276156,14 hours,4:20,Donald Trump Has Nothing To Apologize For
1023869,1 day,3:59,Honest Trailers - Peter Pan (1953)
953673,1 day,2:34,The Big Short Trailer (2015) ‐ Paramount Pictures
286057,18 hours,10:15,&quot;Jimpire&quot; (&quot;Empire&quot; Parody)
251924591,2 months,3:23,Silentó - Watch Me (Whip/Nae Nae) (Official)
11391439,1 month,3:33,Silentó - Watch Me (Whip / Nae Nae) (Behind The Scenes)
2929285,1 month,3:04,Silentó - Watch Me (Whip / Nae Nae) [Spanglish Version]
17787974,4 months,3:45,Krept &amp; Konan - Freak Of The Week ft. Jeremih
438606,3 weeks,6:51,VVV with Krept &amp; Konan plus win Bestival ticketsCOMMA BMTHCOMMA Silentó &amp; more!
8130893,1 month,9:09,Real Life First Person Shooter (Chatroulette version)
661132,1 month,5:51,Real Life First Person Shooter - Behind the Scenes
59368,4 months,6:15,The Five Pillars of Exposure
144868,2 years,4:44,The Underwater Realm - Part I - Present Day (HD)
63404,2 years,4:55,The Underwater Realm - Part IV - 1208 (4K / HD)
98467,2 years,3:38,The Underwater Realm - Part II - 1942 (4K / HD)
13710,4 months,7:04,The Truth About Lenses and Perspective
86252,2 years,4:59,The Underwater Realm - Part V - 149 BC (4K / HD)
66734,2 years,4:17,The Underwater Realm - Part III - 1588 (4K / HD)
12856565,5 months,5:37,10 Countries With The Most Beautiful People
11200689,6 months,5:19,Craziest Things Found By Airport Security
10138256,5 months,4:34,10 Stupid Lottery Winners
12971242,2 months,4:37,People That Took Bodybuilding To The Extreme
3895837,3 months,6:32,10 Shocking Teacher - Student Affairs
6482006,1 month,5:08,The Strongest Kids In The World
5755835,3 months,6:01,Creepy Photos With Disturbing Backstories
3555021,1 month,4:47,10 Men You Wont Believe Exist
2107939,2 months,6:02,The Coolest Houses In The World
2019268,1 month,5:16,10 Women You Won&#39;t Believe Exist!
3138628,1 month,7:49,20 Greatest SummerSlam Moments: WWE Top 10 Special Edition
1889580,1 month,22:39,WWE Network - SummerSlam Reckoning: The Phenom vs. The Beast
15543817,4 months,4:39,Lana kisses Dolph Ziggler: RawCOMMA May 18COMMA 2015
3114352,4 weeks,4:07,Sting ambushes Triple H and Seth Rollins: RawCOMMA Aug. 24COMMA 2015
11781210,2 months,5:03,Brock Lesnar confronts The Undertaker: RawCOMMA July 20COMMA 2015
1748238,4 weeks,5:03,Top 10 Raw moments: WWE Top 10COMMA August 24COMMA 2015
3295056,4 weeks,4:10,The Dudley Boyz return to WWE: RawCOMMA Aug. 24COMMA 2015
1882424,3 weeks,4:18,Seth Rollins gets an unwelcome Night of Champions surprise: RawCOMMA Aug. 31COMMA 2015
1951338,1 month,5:11,John Cena vs. Seth Rollins Contract Signing: RawCOMMA Aug. 17COMMA 2015
2257938,4 weeks,5:21,John Cena confronts Jon Stewart: RawCOMMA Aug. 24COMMA 2015
59214650,1 month,3:55,Meek Mill Ft. Nicki Minaj &amp; Chris Brown - All Eyes On You (Official Video)
40272547,2 months,3:44,Meek Mill Ft. Nicki Minaj &amp; Chris Brown - All Eyes On You (Official Audio)
26035683,2 months,3:18,Meek Mill - R.I.C.O. Feat. Drake (Official Audio)
8185387,2 months,5:19,Meek Mill - Lord Knows (Official Audio)
7658555,2 months,3:24,Meek Mill - Bad For You Feat. Nicki Minaj
143975681,9 months,5:58,Nicki Minaj - Only ft. DrakeCOMMA Lil WayneCOMMA Chris Brown
6856958,2 months,3:09,Meek Mill Ft. Future - Jump Out The Face (Official Video)
2551047,2 months,6:56,Meek Mill - Cold Hearted Feat. Diddy (Official Audio)
2262066,2 months,3:45,Meek Mill - All Eyes On You Feat. Chris Brown &amp; Nicki Minaj (Official Audio)
3653520,2 months,4:30,Meek Mill - Pullin Up Feat. The Weekend (Official Audio)
72953012,3 weeks,3:55,Taylor Swift - Wildest Dreams
541380486,4 months,4:05,Taylor Swift - Bad Blood ft. Kendrick Lamar
1052848374,1 year,4:02,Taylor Swift - Shake It Off
1165574380,10 months,4:33,Taylor Swift - Blank Space
284042644,7 months,4:03,Taylor Swift - Style
486402347,6 years,3:49,Taylor Swift - You Belong With Me
293474894,2 years,4:04,Taylor Swift - 22
269832561,2 years,5:58,Taylor Swift - I Knew You Were Trouble
330969521,3 years,3:36,Taylor Swift - We Are Never Ever Getting Back Together
249167576,6 years,3:57,Taylor Swift - Love Story
5038641,2 days,0:15,New York City rat taking pizza home on the subway
1955870,1 day,2:51,The Voice 2015 Blind Audition - Jordan Smith: “Chandelier&quot;
535952,1 day,6:00,SHOCKING Facts You Never Knew About Coffee! | FACTS IN 5
879819,1 day,6:25,iPhone 6S Video Test 4k!
215491,2 years,0:22,Fort Worth Dog Train
114952,1 day,0:45,Milkshake Squirrel Steals Shake Shack from NYC Garbage
136889,1 day,4:00,Is Poverty Necessary? Looking back at the Millennium Development Goals
100429,18 hours,4:40,Best Time Ever with Neil Patrick Harris - Voices in Your Head: Britney Spears and Joe Jonas
350163,1 day,6:13,Kermit the Frog &amp; Miss Piggy on Jimmy Kimmel Live
252674,1 day,4:02,Justin Timberlake&#39;s New Late Night Theme Songs - Late Night with Seth Meyers
118301,1 day,0:32,11-month-old trying to walk 80 pound bulldog
