1659521,3 days,1:40,4 Français survivrent à l&#39;effondrement d&#39;un pont en Nouvelle-Zélande
487931,1 day,5:29,The War on Science
546775,1 day,0:53,Marvel&#39;s Jessica Jones - All in a Day&#39;s Work - Only on Netflix [HD]
739924,1 day,4:27,How Ant-Man Should Have Ended
5081461,1 week,3:03,Emotional Interview with Miley Cyrus
1959047,5 days,4:49,Donald and Melania Trump Cold Open - SNL
1792264,6 days,7:59,Some Thoughts On Pretending And Honesty
2394379,1 week,6:12,Robert De Niro Impressed By Tom Hiddleston&#39;s Robert De Niro Impression - The Graham Norton Show
2077659,5 days,9:24,Amber Rose Breaks Down Crying Over Wiz Khalifa &amp; Kanye West At Slut Walk 10.3.15
1508957,6 days,9:00,True Confessions with Seth Rogen and Steve Wozniak
8708494,5 days,11:43,配信者が配信中にオイルマッチで火事になる大事態に 2015年10月4日
1551150,5 days,6:10,Hillary Clinton Bar Talk - SNL
2183706,1 week,2:25,PewDiePie Teaches Stephen Some Swedish Curse Words
3461538,1 week,1:16,SPECTRE - Final Trailer (Official)
2587701,1 week,14:19,Will It Chocolate? (Taste Test)
738001,1 week,4:10,Starlee Kine &amp; Conan Crack The Mystery Of Jake Gyllenhaal&#39;s Height - CONAN on TBS
670414,1 week,6:45,Jimmy Kimmel and Kids Talk About The Presidential Candidates
4613552,5 days,11:57,Dear Future Self (WK 248) Bratayley
1844446,6 days,7:01,fouseyTUBE NIKE INSPIRED BMW TRANSFORMATION!
657370,1 day,13:32,Everything Wrong With Mad Max: Fury Road
100933,23 hours,2:23,Newt For Speaker?
621038,1 day,1:00,How To Cool Down Your Computer
4263002,1 day,0:35,Girls To Men | Jamie&#39;s Transgender Transmission Timelapse
11136,7 hours,1:06,PRIDE AND PREJUDICE AND ZOMBIES - Official UK Trailer #1 (2016) Horror Comedy Movie HD
1696908,2 days,1:09,Justin Bieber Snubbed Ronda Rousey&#39;s Little Sister | Cosmopolitan
323612,1 day,5:40,Can We Stop An Earthquake? -- Extreme Science #3
175460,1 day,4:39,Luke Bryan - Strip It Down
1605467,2 days,2:36,Ronda Rousey Sees Holly Holm as a Big Threat
246057,1 day,2:35,&quot;A Reasonable Speed&quot; with Jimmy Kimmel and Keanu Reeves
838883,2 days,1:31,Sherlock Special: Official TV Trailer - BBC One
175460,1 day,4:39,Luke Bryan - Strip It Down
888786,1 day,3:15,Demi Lovato - Stone Cold (Live In Studio)
60970,17 hours,3:51,Adam Lambert - Another Lonely Night [Official Music Video]
1989665,2 days,4:25,Selena Gomez - Same Old Love
75012,2 days,5:07,AJ McLean - Live Together ft. Jordan James
319330,3 days,3:32,Jake Miller - Yellow Lights (Official Music Video)
40362,3 days,4:18,Gladys Knight - Just a Little
156313,4 days,5:36,DAWN - Billie Jean x Dance
477103,3 days,3:54,Kygo &amp; Ella Henderson cover Taylor Swift&#39;s Wildest Dreams in the Live Lounge
4737537,1 week,7:22,Eminem - Phenomenal
156313,4 days,5:36,DAWN - Billie Jean x Dance
262799,4 days,2:29,Kurt Cobain - Sappy (Audio)
165773,4 days,4:00,Skylar Grey - Cannonball ft. X Ambassadors
366539,1 week,4:01,Machine Gun Kelly - Gone (Audio) ft. Leroy Sanchez
6385798,4 days,4:45,Sam Smith - Writing&#39;s On The Wall (from Spectre)
1403567,3 days,4:43,Kumbali and KagoCOMMA Cheetah Cub &amp; Puppy Friendship
1110421,2 weeks,0:37,Toddler and dog - Daddy&#39;s home!
215443,1 week,1:01,&quot;Central Fluff: &#39;Friends&#39; Remade With Hamsters&quot;
677699,5 days,0:22,Puppy Afraid Of Stairs Finds A Better Way
139867,4 days,0:48,Fish in aquarium chase laser dot
1698162,1 week,1:07,Dog drives little Boy in car.....Daisy Driving Oliver
626802,1 week,0:47,Chris Pratt and Anna Faris name Woodland Park Zoo baby penguin
707875,1 week,1:16,Bill wearing his boots.
281849,1 week,0:49,Cat don&#39;t like music
525024,1 week,0:22,Max&#39;s Birthday Cupcake - Gone in One Bite
919694,1 week,3:01,EXCLUSIVE: &quot;Glowing&quot; Sea Turtle Discovered
544468,2 weeks,0:53,Golden Retriever - the dog who brings mail
6727473,2 weeks,0:16,the littlest roar
424765,2 weeks,0:50,Turtle Shakes when Owner Scratches His Shell
3685279,2 weeks,0:51,Cat Shuts Up Dog
4509273,1 week,2:02,Ronaldo film Trailer
641045,2 weeks,1:03,Nike: Last
344666,1 week,2:19,Fight Night Japan: Uriah Hall Octagon Interview
741849,2 weeks,6:31,147 Bowls of Noodles in 5 Minutes!
4013495,2 weeks,4:49,How to Fit in the NBA
617091,2 weeks,3:23,LeBron James: Look Back at the 2014-2015 Season
1834851,3 weeks,7:23,Isaac Caldiero&#39;s Epic Ascent of Mt. Midoriyama | American Ninja Warrior
3930077,3 weeks,1:46,Devon Larratt vs. Game of Thrones The Mountain
3019458,1 month,2:46,Raw Run: Zak Maytum
3010315,1 month,1:13,Early celebration hurts Huddle at line - Universal Sports
2271826,10 months,1:01,Stuntman skydives onto a hay bale target without a parachute
3099623,1 month,2:22,Jason Paul&#39;s Freerunning Illusions
666072,1 month,1:04,Full Clubhouse
653332,1 month,1:49,Aly Raisman – Floor Exercise – 2015 P&amp;G Championships – Sr. Women Day 2
576583,1 month,2:38,NBA Rituals from the 2015 Season
237706,2 days,4:08,Staircase Superiority Syndrome
52655,1 day,6:15,Inside Her Wardrobe: Debs | Lily Pebbles
28680,2 days,5:31,6 Phrases With Surprisingly Racist Origins | Decoded | MTV News
3784,1 day,4:09,7 IN 1 SCARF TUTORIAL
1245131,2 days,2:14,Casting Moana - Introducing Auli’i Cravalho
1696908,2 days,1:09,Justin Bieber Snubbed Ronda Rousey&#39;s Little Sister | Cosmopolitan
59243,4 days,12:51,Locked Up and Forgotten: India’s Mental Health Crisis
571945,3 days,3:38,American Horror Story Hotel Makeup Tutorial
604494,3 days,2:33,Misty Copeland Performs With Yo-Yo Ma
2524942,5 days,4:14,Women Try Menstrual Cups
1539780,1 week,1:36,Mommy dancing baby down between contractions
98494,3 days,1:26,Misty Copeland On Bringing Diversity To Classical Ballet
1551150,5 days,6:10,Hillary Clinton Bar Talk - SNL
35120,6 days,3:15,How To Lose Your Virginity | Lucy Moon
1142840,3 days,4:28,You Know You Love Food When...
657370,1 day,13:32,Everything Wrong With Mad Max: Fury Road
621038,1 day,1:00,How To Cool Down Your Computer
739924,1 day,4:27,How Ant-Man Should Have Ended
4698478,6 days,2:07,Milford Mighty Mites Hawk Whip
2453307,3 days,6:11,Honest Trailers - Aladdin
2400458,3 days,6:55,Stereotypes: Hunting
85515,3 days,1:52,Netflix Settle: A New Feature For Couples Who Can&#39;t Decide What To Watch | Mashable Humor
2085624,1 week,1:06,Gentle Norwegian Bodybuilders [English subtitles]
1142840,3 days,4:28,You Know You Love Food When...
355155,3 days,3:19,You Unfollowed Me ft. Joseph Gordon-Levitt (#TodrickMTV)
458480,1 week,4:26,Baby Got Laugengebäck | #summacumlauge NEO MAGAZIN ROYALE mit Jan Böhmermann - ZDFneo
1959047,5 days,4:49,Donald and Melania Trump Cold Open - SNL
2353954,1 week,14:38,Everything Wrong With WALL-E in 12 Minutes Or Less
4817338,1 week,0:22,Mila finds out Adam Levine got married
1221039,1 week,2:11,Box Clever - Simon&#39;s Cat
